runtime_in_min	tissue	chr	npheno
9.09	Adipose_Subcutaneous	1	2449
6.25	Adipose_Subcutaneous	2	1629
5.3	Adipose_Subcutaneous	3	1354
3.96	Adipose_Subcutaneous	4	902
4.45	Adipose_Subcutaneous	5	1140
7.15	Adipose_Subcutaneous	6	1233
4.98	Adipose_Subcutaneous	7	1213
3.75	Adipose_Subcutaneous	8	891
3.69	Adipose_Subcutaneous	9	945
4.07	Adipose_Subcutaneous	10	976
5.31	Adipose_Subcutaneous	11	1342
5.51	Adipose_Subcutaneous	12	1355
1.96	Adipose_Subcutaneous	13	462
3.55	Adipose_Subcutaneous	14	828
3.4	Adipose_Subcutaneous	15	881
4.78	Adipose_Subcutaneous	16	1183
5.83	Adipose_Subcutaneous	17	1528
1.67	Adipose_Subcutaneous	18	396
7.71	Adipose_Subcutaneous	19	1636
2.53	Adipose_Subcutaneous	20	633
1.23	Adipose_Subcutaneous	21	294
2.62	Adipose_Subcutaneous	22	610
3.72	Adrenal_Gland	1	2376
2.5	Adrenal_Gland	2	1572
2.07	Adrenal_Gland	3	1303
1.58	Adrenal_Gland	4	873
1.81	Adrenal_Gland	5	1108
2.79	Adrenal_Gland	6	1181
1.94	Adrenal_Gland	7	1177
1.52	Adrenal_Gland	8	845
1.47	Adrenal_Gland	9	909
1.55	Adrenal_Gland	10	926
2.28	Adrenal_Gland	11	1288
2.19	Adrenal_Gland	12	1292
0.72	Adrenal_Gland	13	420
1.37	Adrenal_Gland	14	788
1.31	Adrenal_Gland	15	855
1.9	Adrenal_Gland	16	1156
2.27	Adrenal_Gland	17	1464
0.63	Adrenal_Gland	18	366
3.07	Adrenal_Gland	19	1643
1	Adrenal_Gland	20	622
0.48	Adrenal_Gland	21	273
1.04	Adrenal_Gland	22	606
5.76	Artery_Aorta	1	2372
3.96	Artery_Aorta	2	1566
3.72	Artery_Aorta	3	1336
2.66	Artery_Aorta	4	897
2.87	Artery_Aorta	5	1116
4.47	Artery_Aorta	6	1209
3.13	Artery_Aorta	7	1167
2.36	Artery_Aorta	8	845
2.43	Artery_Aorta	9	927
2.52	Artery_Aorta	10	925
3.39	Artery_Aorta	11	1304
3.44	Artery_Aorta	12	1298
1.39	Artery_Aorta	13	450
2.28	Artery_Aorta	14	812
2.22	Artery_Aorta	15	870
3.2	Artery_Aorta	16	1139
3.74	Artery_Aorta	17	1473
1.02	Artery_Aorta	18	368
4.92	Artery_Aorta	19	1603
1.58	Artery_Aorta	20	602
0.76	Artery_Aorta	21	275
1.75	Artery_Aorta	22	610
3.42	Artery_Coronary	1	2426
2.36	Artery_Coronary	2	1630
2.06	Artery_Coronary	3	1360
1.54	Artery_Coronary	4	927
1.71	Artery_Coronary	5	1131
2.65	Artery_Coronary	6	1236
1.86	Artery_Coronary	7	1203
1.39	Artery_Coronary	8	868
1.59	Artery_Coronary	9	938
1.52	Artery_Coronary	10	953
1.97	Artery_Coronary	11	1315
2.04	Artery_Coronary	12	1337
0.84	Artery_Coronary	13	468
1.38	Artery_Coronary	14	842
1.3	Artery_Coronary	15	888
1.96	Artery_Coronary	16	1166
2.4	Artery_Coronary	17	1507
0.66	Artery_Coronary	18	375
3.14	Artery_Coronary	19	1629
0.95	Artery_Coronary	20	626
0.46	Artery_Coronary	21	286
1.02	Artery_Coronary	22	624
8.88	Artery_Tibial	1	2330
6	Artery_Tibial	2	1530
5.21	Artery_Tibial	3	1305
3.95	Artery_Tibial	4	871
4.45	Artery_Tibial	5	1091
6.82	Artery_Tibial	6	1186
4.77	Artery_Tibial	7	1133
3.58	Artery_Tibial	8	825
3.72	Artery_Tibial	9	899
3.85	Artery_Tibial	10	900
5.23	Artery_Tibial	11	1277
5.25	Artery_Tibial	12	1278
1.92	Artery_Tibial	13	439
3.38	Artery_Tibial	14	762
3.37	Artery_Tibial	15	844
4.54	Artery_Tibial	16	1089
5.52	Artery_Tibial	17	1417
1.57	Artery_Tibial	18	353
7.32	Artery_Tibial	19	1546
2.47	Artery_Tibial	20	592
1.15	Artery_Tibial	21	264
2.55	Artery_Tibial	22	578
2.12	Brain_Amygdala	1	2353
1.5	Brain_Amygdala	2	1601
1.26	Brain_Amygdala	3	1334
0.94	Brain_Amygdala	4	880
1.11	Brain_Amygdala	5	1152
1.63	Brain_Amygdala	6	1200
1.16	Brain_Amygdala	7	1151
0.93	Brain_Amygdala	8	890
0.91	Brain_Amygdala	9	945
0.96	Brain_Amygdala	10	953
1.23	Brain_Amygdala	11	1280
1.26	Brain_Amygdala	12	1282
0.49	Brain_Amygdala	13	472
0.8	Brain_Amygdala	14	766
0.81	Brain_Amygdala	15	855
1.16	Brain_Amygdala	16	1168
1.34	Brain_Amygdala	17	1446
0.4	Brain_Amygdala	18	380
1.83	Brain_Amygdala	19	1654
0.62	Brain_Amygdala	20	639
0.27	Brain_Amygdala	21	265
0.62	Brain_Amygdala	22	602
2.39	Brain_Anterior_cingulate_cortex_BA24	1	2379
1.76	Brain_Anterior_cingulate_cortex_BA24	2	1614
1.42	Brain_Anterior_cingulate_cortex_BA24	3	1346
1.07	Brain_Anterior_cingulate_cortex_BA24	4	892
1.24	Brain_Anterior_cingulate_cortex_BA24	5	1160
1.85	Brain_Anterior_cingulate_cortex_BA24	6	1215
1.28	Brain_Anterior_cingulate_cortex_BA24	7	1150
1.04	Brain_Anterior_cingulate_cortex_BA24	8	900
1.04	Brain_Anterior_cingulate_cortex_BA24	9	975
1.08	Brain_Anterior_cingulate_cortex_BA24	10	962
1.38	Brain_Anterior_cingulate_cortex_BA24	11	1299
1.42	Brain_Anterior_cingulate_cortex_BA24	12	1309
0.56	Brain_Anterior_cingulate_cortex_BA24	13	482
0.91	Brain_Anterior_cingulate_cortex_BA24	14	773
0.9	Brain_Anterior_cingulate_cortex_BA24	15	855
1.34	Brain_Anterior_cingulate_cortex_BA24	16	1172
1.51	Brain_Anterior_cingulate_cortex_BA24	17	1468
0.46	Brain_Anterior_cingulate_cortex_BA24	18	401
2.04	Brain_Anterior_cingulate_cortex_BA24	19	1658
0.7	Brain_Anterior_cingulate_cortex_BA24	20	649
0.3	Brain_Anterior_cingulate_cortex_BA24	21	268
0.7	Brain_Anterior_cingulate_cortex_BA24	22	615
3.53	Brain_Cerebellum	1	2484
2.46	Brain_Cerebellum	2	1639
2.07	Brain_Cerebellum	3	1377
1.55	Brain_Cerebellum	4	918
1.83	Brain_Cerebellum	5	1211
2.76	Brain_Cerebellum	6	1250
1.95	Brain_Cerebellum	7	1224
1.53	Brain_Cerebellum	8	925
1.56	Brain_Cerebellum	9	1018
1.59	Brain_Cerebellum	10	995
2.06	Brain_Cerebellum	11	1376
2.12	Brain_Cerebellum	12	1362
0.83	Brain_Cerebellum	13	489
1.33	Brain_Cerebellum	14	786
1.41	Brain_Cerebellum	15	939
2.01	Brain_Cerebellum	16	1275
2.37	Brain_Cerebellum	17	1605
0.67	Brain_Cerebellum	18	401
3.11	Brain_Cerebellum	19	1752
1.01	Brain_Cerebellum	20	668
0.48	Brain_Cerebellum	21	295
1.1	Brain_Cerebellum	22	656
3.35	Brain_Cortex	1	2439
2.34	Brain_Cortex	2	1652
1.99	Brain_Cortex	3	1372
1.48	Brain_Cortex	4	910
1.67	Brain_Cortex	5	1167
2.56	Brain_Cortex	6	1223
1.82	Brain_Cortex	7	1180
1.47	Brain_Cortex	8	919
1.44	Brain_Cortex	9	986
1.51	Brain_Cortex	10	985
1.93	Brain_Cortex	11	1335
2	Brain_Cortex	12	1342
0.78	Brain_Cortex	13	494
1.25	Brain_Cortex	14	787
1.28	Brain_Cortex	15	895
1.81	Brain_Cortex	16	1189
2.13	Brain_Cortex	17	1513
0.65	Brain_Cortex	18	406
2.85	Brain_Cortex	19	1685
0.98	Brain_Cortex	20	664
0.42	Brain_Cortex	21	270
0.98	Brain_Cortex	22	629
2.84	Brain_Frontal_Cortex_BA9	1	2421
2	Brain_Frontal_Cortex_BA9	2	1634
1.67	Brain_Frontal_Cortex_BA9	3	1360
1.47	Brain_Frontal_Cortex_BA9	4	914
1.48	Brain_Frontal_Cortex_BA9	5	1169
2.21	Brain_Frontal_Cortex_BA9	6	1222
1.58	Brain_Frontal_Cortex_BA9	7	1170
1.23	Brain_Frontal_Cortex_BA9	8	916
1.21	Brain_Frontal_Cortex_BA9	9	982
1.31	Brain_Frontal_Cortex_BA9	10	977
1.62	Brain_Frontal_Cortex_BA9	11	1313
1.7	Brain_Frontal_Cortex_BA9	12	1329
0.65	Brain_Frontal_Cortex_BA9	13	490
1.05	Brain_Frontal_Cortex_BA9	14	786
1.07	Brain_Frontal_Cortex_BA9	15	880
1.52	Brain_Frontal_Cortex_BA9	16	1185
1.88	Brain_Frontal_Cortex_BA9	17	1483
0.54	Brain_Frontal_Cortex_BA9	18	398
2.42	Brain_Frontal_Cortex_BA9	19	1680
0.94	Brain_Frontal_Cortex_BA9	20	658
0.36	Brain_Frontal_Cortex_BA9	21	273
0.89	Brain_Frontal_Cortex_BA9	22	625
2.74	Brain_Hippocampus	1	2391
1.94	Brain_Hippocampus	2	1623
1.61	Brain_Hippocampus	3	1333
1.2	Brain_Hippocampus	4	876
1.41	Brain_Hippocampus	5	1163
2.17	Brain_Hippocampus	6	1214
1.49	Brain_Hippocampus	7	1161
1.19	Brain_Hippocampus	8	892
1.21	Brain_Hippocampus	9	979
1.24	Brain_Hippocampus	10	965
1.58	Brain_Hippocampus	11	1302
1.65	Brain_Hippocampus	12	1307
0.66	Brain_Hippocampus	13	487
1.05	Brain_Hippocampus	14	781
1.04	Brain_Hippocampus	15	870
1.52	Brain_Hippocampus	16	1185
1.76	Brain_Hippocampus	17	1480
0.54	Brain_Hippocampus	18	395
2.42	Brain_Hippocampus	19	1681
0.8	Brain_Hippocampus	20	647
0.36	Brain_Hippocampus	21	272
0.82	Brain_Hippocampus	22	619
2.82	Brain_Hypothalamus	1	2466
1.97	Brain_Hypothalamus	2	1664
1.65	Brain_Hypothalamus	3	1371
1.25	Brain_Hypothalamus	4	918
1.45	Brain_Hypothalamus	5	1190
2.21	Brain_Hypothalamus	6	1251
1.53	Brain_Hypothalamus	7	1194
1.22	Brain_Hypothalamus	8	918
1.22	Brain_Hypothalamus	9	1000
1.28	Brain_Hypothalamus	10	997
1.62	Brain_Hypothalamus	11	1335
1.69	Brain_Hypothalamus	12	1342
0.65	Brain_Hypothalamus	13	491
1.06	Brain_Hypothalamus	14	805
1.09	Brain_Hypothalamus	15	905
1.52	Brain_Hypothalamus	16	1213
1.77	Brain_Hypothalamus	17	1506
0.53	Brain_Hypothalamus	18	401
2.45	Brain_Hypothalamus	19	1720
0.82	Brain_Hypothalamus	20	659
0.36	Brain_Hypothalamus	21	282
0.84	Brain_Hypothalamus	22	632
3.3	Brain_Nucleus_accumbens_basal_ganglia	1	2460
2.28	Brain_Nucleus_accumbens_basal_ganglia	2	1651
1.93	Brain_Nucleus_accumbens_basal_ganglia	3	1370
1.43	Brain_Nucleus_accumbens_basal_ganglia	4	893
1.71	Brain_Nucleus_accumbens_basal_ganglia	5	1197
2.53	Brain_Nucleus_accumbens_basal_ganglia	6	1235
1.79	Brain_Nucleus_accumbens_basal_ganglia	7	1193
1.4	Brain_Nucleus_accumbens_basal_ganglia	8	904
1.39	Brain_Nucleus_accumbens_basal_ganglia	9	982
1.47	Brain_Nucleus_accumbens_basal_ganglia	10	979
1.89	Brain_Nucleus_accumbens_basal_ganglia	11	1323
1.92	Brain_Nucleus_accumbens_basal_ganglia	12	1312
0.77	Brain_Nucleus_accumbens_basal_ganglia	13	495
1.26	Brain_Nucleus_accumbens_basal_ganglia	14	809
1.28	Brain_Nucleus_accumbens_basal_ganglia	15	906
1.77	Brain_Nucleus_accumbens_basal_ganglia	16	1207
2.06	Brain_Nucleus_accumbens_basal_ganglia	17	1490
0.63	Brain_Nucleus_accumbens_basal_ganglia	18	407
2.84	Brain_Nucleus_accumbens_basal_ganglia	19	1697
0.95	Brain_Nucleus_accumbens_basal_ganglia	20	653
0.43	Brain_Nucleus_accumbens_basal_ganglia	21	283
0.96	Brain_Nucleus_accumbens_basal_ganglia	22	621
2.67	Brain_Putamen_basal_ganglia	1	2331
1.86	Brain_Putamen_basal_ganglia	2	1571
1.59	Brain_Putamen_basal_ganglia	3	1322
1.18	Brain_Putamen_basal_ganglia	4	866
1.38	Brain_Putamen_basal_ganglia	5	1130
2.07	Brain_Putamen_basal_ganglia	6	1182
1.45	Brain_Putamen_basal_ganglia	7	1139
1.15	Brain_Putamen_basal_ganglia	8	866
1.14	Brain_Putamen_basal_ganglia	9	943
1.21	Brain_Putamen_basal_ganglia	10	945
1.54	Brain_Putamen_basal_ganglia	11	1276
1.57	Brain_Putamen_basal_ganglia	12	1252
0.62	Brain_Putamen_basal_ganglia	13	468
1.02	Brain_Putamen_basal_ganglia	14	766
1.04	Brain_Putamen_basal_ganglia	15	864
1.45	Brain_Putamen_basal_ganglia	16	1150
1.69	Brain_Putamen_basal_ganglia	17	1439
0.49	Brain_Putamen_basal_ganglia	18	369
2.34	Brain_Putamen_basal_ganglia	19	1647
0.78	Brain_Putamen_basal_ganglia	20	632
0.35	Brain_Putamen_basal_ganglia	21	271
0.78	Brain_Putamen_basal_ganglia	22	602
2.17	Brain_Spinal_cord_cervical_c-1	1	2425
1.49	Brain_Spinal_cord_cervical_c-1	2	1617
1.27	Brain_Spinal_cord_cervical_c-1	3	1358
0.96	Brain_Spinal_cord_cervical_c-1	4	902
1.11	Brain_Spinal_cord_cervical_c-1	5	1177
1.63	Brain_Spinal_cord_cervical_c-1	6	1235
1.19	Brain_Spinal_cord_cervical_c-1	7	1206
0.9	Brain_Spinal_cord_cervical_c-1	8	886
0.92	Brain_Spinal_cord_cervical_c-1	9	963
0.95	Brain_Spinal_cord_cervical_c-1	10	958
1.25	Brain_Spinal_cord_cervical_c-1	11	1325
1.28	Brain_Spinal_cord_cervical_c-1	12	1318
0.5	Brain_Spinal_cord_cervical_c-1	13	488
0.81	Brain_Spinal_cord_cervical_c-1	14	788
0.82	Brain_Spinal_cord_cervical_c-1	15	885
1.16	Brain_Spinal_cord_cervical_c-1	16	1184
1.38	Brain_Spinal_cord_cervical_c-1	17	1502
0.41	Brain_Spinal_cord_cervical_c-1	18	401
1.86	Brain_Spinal_cord_cervical_c-1	19	1692
0.61	Brain_Spinal_cord_cervical_c-1	20	641
0.3	Brain_Spinal_cord_cervical_c-1	21	290
0.63	Brain_Spinal_cord_cervical_c-1	22	618
1.97	Brain_Substantia_nigra	1	2370
1.36	Brain_Substantia_nigra	2	1591
1.13	Brain_Substantia_nigra	3	1324
0.84	Brain_Substantia_nigra	4	873
0.99	Brain_Substantia_nigra	5	1139
1.45	Brain_Substantia_nigra	6	1202
1.05	Brain_Substantia_nigra	7	1158
0.84	Brain_Substantia_nigra	8	879
0.83	Brain_Substantia_nigra	9	951
0.86	Brain_Substantia_nigra	10	950
1.14	Brain_Substantia_nigra	11	1282
1.14	Brain_Substantia_nigra	12	1285
0.44	Brain_Substantia_nigra	13	473
0.75	Brain_Substantia_nigra	14	779
0.75	Brain_Substantia_nigra	15	866
1.04	Brain_Substantia_nigra	16	1163
1.21	Brain_Substantia_nigra	17	1442
0.35	Brain_Substantia_nigra	18	376
1.71	Brain_Substantia_nigra	19	1667
0.56	Brain_Substantia_nigra	20	628
0.24	Brain_Substantia_nigra	21	266
0.56	Brain_Substantia_nigra	22	598
6.89	Cells_Cultured_fibroblasts	1	2204
4.69	Cells_Cultured_fibroblasts	2	1448
3.96	Cells_Cultured_fibroblasts	3	1212
3.11	Cells_Cultured_fibroblasts	4	834
3.36	Cells_Cultured_fibroblasts	5	1008
5.29	Cells_Cultured_fibroblasts	6	1112
3.77	Cells_Cultured_fibroblasts	7	1088
2.86	Cells_Cultured_fibroblasts	8	802
2.93	Cells_Cultured_fibroblasts	9	852
3.04	Cells_Cultured_fibroblasts	10	857
3.96	Cells_Cultured_fibroblasts	11	1187
4.12	Cells_Cultured_fibroblasts	12	1218
1.52	Cells_Cultured_fibroblasts	13	421
2.57	Cells_Cultured_fibroblasts	14	709
2.56	Cells_Cultured_fibroblasts	15	783
3.63	Cells_Cultured_fibroblasts	16	1068
4.38	Cells_Cultured_fibroblasts	17	1350
1.28	Cells_Cultured_fibroblasts	18	348
5.88	Cells_Cultured_fibroblasts	19	1501
1.94	Cells_Cultured_fibroblasts	20	566
0.86	Cells_Cultured_fibroblasts	21	243
1.91	Cells_Cultured_fibroblasts	22	530
2.38	Cells_EBV-transformed_lymphocytes	1	2254
1.63	Cells_EBV-transformed_lymphocytes	2	1491
1.28	Cells_EBV-transformed_lymphocytes	3	1221
0.96	Cells_EBV-transformed_lymphocytes	4	805
1.05	Cells_EBV-transformed_lymphocytes	5	998
1.77	Cells_EBV-transformed_lymphocytes	6	1171
1.2	Cells_EBV-transformed_lymphocytes	7	1094
0.92	Cells_EBV-transformed_lymphocytes	8	813
0.92	Cells_EBV-transformed_lymphocytes	9	865
0.94	Cells_EBV-transformed_lymphocytes	10	843
1.25	Cells_EBV-transformed_lymphocytes	11	1201
1.36	Cells_EBV-transformed_lymphocytes	12	1253
0.5	Cells_EBV-transformed_lymphocytes	13	430
0.93	Cells_EBV-transformed_lymphocytes	14	816
0.8	Cells_EBV-transformed_lymphocytes	15	785
1.24	Cells_EBV-transformed_lymphocytes	16	1121
1.46	Cells_EBV-transformed_lymphocytes	17	1434
0.4	Cells_EBV-transformed_lymphocytes	18	349
1.99	Cells_EBV-transformed_lymphocytes	19	1618
0.62	Cells_EBV-transformed_lymphocytes	20	576
0.29	Cells_EBV-transformed_lymphocytes	21	262
0.73	Cells_EBV-transformed_lymphocytes	22	629
4.99	Colon_Sigmoid	1	2420
3.39	Colon_Sigmoid	2	1615
2.98	Colon_Sigmoid	3	1358
2.23	Colon_Sigmoid	4	903
2.47	Colon_Sigmoid	5	1125
3.82	Colon_Sigmoid	6	1225
2.84	Colon_Sigmoid	7	1193
2.02	Colon_Sigmoid	8	865
2.05	Colon_Sigmoid	9	953
2.2	Colon_Sigmoid	10	950
2.9	Colon_Sigmoid	11	1329
2.99	Colon_Sigmoid	12	1333
1.09	Colon_Sigmoid	13	460
1.92	Colon_Sigmoid	14	805
1.88	Colon_Sigmoid	15	892
2.73	Colon_Sigmoid	16	1172
3.21	Colon_Sigmoid	17	1514
0.88	Colon_Sigmoid	18	373
4.31	Colon_Sigmoid	19	1656
1.44	Colon_Sigmoid	20	644
0.7	Colon_Sigmoid	21	289
1.44	Colon_Sigmoid	22	608
5.35	Esophagus_Gastroesophageal_Junction	1	2396
3.64	Esophagus_Gastroesophageal_Junction	2	1571
3.01	Esophagus_Gastroesophageal_Junction	3	1343
2.47	Esophagus_Gastroesophageal_Junction	4	905
2.58	Esophagus_Gastroesophageal_Junction	5	1131
3.97	Esophagus_Gastroesophageal_Junction	6	1211
2.78	Esophagus_Gastroesophageal_Junction	7	1174
2.09	Esophagus_Gastroesophageal_Junction	8	854
2.16	Esophagus_Gastroesophageal_Junction	9	938
2.46	Esophagus_Gastroesophageal_Junction	10	937
3	Esophagus_Gastroesophageal_Junction	11	1313
3.08	Esophagus_Gastroesophageal_Junction	12	1316
1.15	Esophagus_Gastroesophageal_Junction	13	461
2.01	Esophagus_Gastroesophageal_Junction	14	786
1.99	Esophagus_Gastroesophageal_Junction	15	883
2.7	Esophagus_Gastroesophageal_Junction	16	1151
3.27	Esophagus_Gastroesophageal_Junction	17	1481
0.99	Esophagus_Gastroesophageal_Junction	18	375
4.4	Esophagus_Gastroesophageal_Junction	19	1628
1.47	Esophagus_Gastroesophageal_Junction	20	629
0.74	Esophagus_Gastroesophageal_Junction	21	283
1.48	Esophagus_Gastroesophageal_Junction	22	598
7.69	Esophagus_Mucosa	1	2404
5.15	Esophagus_Mucosa	2	1572
4.54	Esophagus_Mucosa	3	1318
3.33	Esophagus_Mucosa	4	880
3.62	Esophagus_Mucosa	5	1068
5.98	Esophagus_Mucosa	6	1197
4.1	Esophagus_Mucosa	7	1152
3.14	Esophagus_Mucosa	8	856
3.06	Esophagus_Mucosa	9	903
3.3	Esophagus_Mucosa	10	922
4.35	Esophagus_Mucosa	11	1289
4.44	Esophagus_Mucosa	12	1295
1.61	Esophagus_Mucosa	13	437
3.09	Esophagus_Mucosa	14	825
2.82	Esophagus_Mucosa	15	850
4.05	Esophagus_Mucosa	16	1157
5.29	Esophagus_Mucosa	17	1525
1.42	Esophagus_Mucosa	18	385
6.56	Esophagus_Mucosa	19	1632
2.15	Esophagus_Mucosa	20	621
1.05	Esophagus_Mucosa	21	284
2.36	Esophagus_Mucosa	22	630
7.29	Esophagus_Muscularis	1	2371
4.93	Esophagus_Muscularis	2	1552
4.33	Esophagus_Muscularis	3	1334
3.27	Esophagus_Muscularis	4	894
3.68	Esophagus_Muscularis	5	1105
5.83	Esophagus_Muscularis	6	1192
4	Esophagus_Muscularis	7	1160
2.99	Esophagus_Muscularis	8	845
3.06	Esophagus_Muscularis	9	922
3.22	Esophagus_Muscularis	10	926
4.29	Esophagus_Muscularis	11	1300
4.29	Esophagus_Muscularis	12	1292
1.59	Esophagus_Muscularis	13	448
2.79	Esophagus_Muscularis	14	783
2.83	Esophagus_Muscularis	15	870
3.91	Esophagus_Muscularis	16	1145
4.68	Esophagus_Muscularis	17	1454
1.29	Esophagus_Muscularis	18	366
6.51	Esophagus_Muscularis	19	1632
2.13	Esophagus_Muscularis	20	623
1.02	Esophagus_Muscularis	21	279
2.17	Esophagus_Muscularis	22	596
5.61	Heart_Atrial_Appendage	1	2302
3.69	Heart_Atrial_Appendage	2	1531
3.2	Heart_Atrial_Appendage	3	1298
2.43	Heart_Atrial_Appendage	4	868
3.21	Heart_Atrial_Appendage	5	1098
4.1	Heart_Atrial_Appendage	6	1162
3.07	Heart_Atrial_Appendage	7	1098
2.2	Heart_Atrial_Appendage	8	815
2.53	Heart_Atrial_Appendage	9	903
2.45	Heart_Atrial_Appendage	10	909
3.17	Heart_Atrial_Appendage	11	1256
3.22	Heart_Atrial_Appendage	12	1261
1.31	Heart_Atrial_Appendage	13	433
2.39	Heart_Atrial_Appendage	14	765
2.37	Heart_Atrial_Appendage	15	846
2.8	Heart_Atrial_Appendage	16	1102
3.54	Heart_Atrial_Appendage	17	1406
1.04	Heart_Atrial_Appendage	18	357
4.83	Heart_Atrial_Appendage	19	1587
1.75	Heart_Atrial_Appendage	20	586
0.75	Heart_Atrial_Appendage	21	262
1.59	Heart_Atrial_Appendage	22	590
5.38	Heart_Left_Ventricle	1	2141
3.58	Heart_Left_Ventricle	2	1386
3.14	Heart_Left_Ventricle	3	1204
2.34	Heart_Left_Ventricle	4	783
2.67	Heart_Left_Ventricle	5	988
4.18	Heart_Left_Ventricle	6	1084
2.83	Heart_Left_Ventricle	7	1019
2.19	Heart_Left_Ventricle	8	763
2.25	Heart_Left_Ventricle	9	839
2.36	Heart_Left_Ventricle	10	834
3.12	Heart_Left_Ventricle	11	1174
3.11	Heart_Left_Ventricle	12	1143
1.09	Heart_Left_Ventricle	13	379
2.06	Heart_Left_Ventricle	14	700
1.94	Heart_Left_Ventricle	15	748
2.8	Heart_Left_Ventricle	16	1023
3.42	Heart_Left_Ventricle	17	1318
0.92	Heart_Left_Ventricle	18	320
4.68	Heart_Left_Ventricle	19	1491
1.52	Heart_Left_Ventricle	20	554
0.67	Heart_Left_Ventricle	21	239
1.57	Heart_Left_Ventricle	22	542
1.45	Kidney_Cortex	1	2448
1.03	Kidney_Cortex	2	1639
0.84	Kidney_Cortex	3	1356
0.64	Kidney_Cortex	4	930
0.81	Kidney_Cortex	5	1158
1.09	Kidney_Cortex	6	1251
0.79	Kidney_Cortex	7	1216
0.71	Kidney_Cortex	8	869
0.61	Kidney_Cortex	9	966
0.63	Kidney_Cortex	10	972
0.84	Kidney_Cortex	11	1345
0.88	Kidney_Cortex	12	1347
0.36	Kidney_Cortex	13	453
0.7	Kidney_Cortex	14	846
0.54	Kidney_Cortex	15	874
0.77	Kidney_Cortex	16	1211
1.01	Kidney_Cortex	17	1522
0.26	Kidney_Cortex	18	385
1.39	Kidney_Cortex	19	1664
0.4	Kidney_Cortex	20	631
0.19	Kidney_Cortex	21	287
0.44	Kidney_Cortex	22	658
3.28	Liver	1	2241
2.11	Liver	2	1459
1.82	Liver	3	1236
1.36	Liver	4	817
1.45	Liver	5	1004
2.38	Liver	6	1122
1.6	Liver	7	1076
1.22	Liver	8	783
1.24	Liver	9	840
1.31	Liver	10	868
1.76	Liver	11	1221
1.78	Liver	12	1208
0.62	Liver	13	398
1.23	Liver	14	768
1.08	Liver	15	770
1.61	Liver	16	1090
1.94	Liver	17	1381
0.54	Liver	18	346
2.55	Liver	19	1518
0.84	Liver	20	572
0.4	Liver	21	265
0.94	Liver	22	598
8.45	Lung	1	2571
5.76	Lung	2	1729
4.93	Lung	3	1445
3.82	Lung	4	968
4.18	Lung	5	1192
6.59	Lung	6	1324
4.67	Lung	7	1300
3.54	Lung	8	911
3.57	Lung	9	987
3.73	Lung	10	1012
4.9	Lung	11	1398
5.25	Lung	12	1409
1.9	Lung	13	494
3.65	Lung	14	927
3.3	Lung	15	925
4.52	Lung	16	1256
5.6	Lung	17	1612
1.65	Lung	18	419
7.43	Lung	19	1739
2.45	Lung	20	675
1.16	Lung	21	300
2.7	Lung	22	679
2.51	Minor_Salivary_Gland	1	2527
1.74	Minor_Salivary_Gland	2	1711
1.47	Minor_Salivary_Gland	3	1407
1.16	Minor_Salivary_Gland	4	977
1.24	Minor_Salivary_Gland	5	1173
1.97	Minor_Salivary_Gland	6	1269
1.39	Minor_Salivary_Gland	7	1238
1.05	Minor_Salivary_Gland	8	897
1.03	Minor_Salivary_Gland	9	948
1.09	Minor_Salivary_Gland	10	986
1.5	Minor_Salivary_Gland	11	1388
1.48	Minor_Salivary_Gland	12	1380
0.54	Minor_Salivary_Gland	13	479
1.05	Minor_Salivary_Gland	14	920
1.01	Minor_Salivary_Gland	15	911
1.32	Minor_Salivary_Gland	16	1241
1.62	Minor_Salivary_Gland	17	1573
0.46	Minor_Salivary_Gland	18	408
2.07	Minor_Salivary_Gland	19	1693
0.69	Minor_Salivary_Gland	20	651
0.38	Minor_Salivary_Gland	21	304
0.84	Minor_Salivary_Gland	22	677
9.5	Muscle_Skeletal	1	2115
6.44	Muscle_Skeletal	2	1384
5.66	Muscle_Skeletal	3	1191
3.99	Muscle_Skeletal	4	745
4.65	Muscle_Skeletal	5	978
7.06	Muscle_Skeletal	6	1051
5.05	Muscle_Skeletal	7	1013
3.74	Muscle_Skeletal	8	731
3.96	Muscle_Skeletal	9	813
4.12	Muscle_Skeletal	10	815
5.6	Muscle_Skeletal	11	1177
5.55	Muscle_Skeletal	12	1138
1.97	Muscle_Skeletal	13	382
3.62	Muscle_Skeletal	14	690
3.47	Muscle_Skeletal	15	740
4.91	Muscle_Skeletal	16	1004
6.15	Muscle_Skeletal	17	1321
1.62	Muscle_Skeletal	18	311
8.07	Muscle_Skeletal	19	1450
2.64	Muscle_Skeletal	20	540
1.19	Muscle_Skeletal	21	232
2.76	Muscle_Skeletal	22	535
9.22	Nerve_Tibial	1	2538
6.32	Nerve_Tibial	2	1689
5.52	Nerve_Tibial	3	1432
4.25	Nerve_Tibial	4	969
4.73	Nerve_Tibial	5	1218
7.31	Nerve_Tibial	6	1288
5.08	Nerve_Tibial	7	1256
3.96	Nerve_Tibial	8	935
3.92	Nerve_Tibial	9	1023
4.16	Nerve_Tibial	10	1007
5.47	Nerve_Tibial	11	1399
5.73	Nerve_Tibial	12	1442
2.11	Nerve_Tibial	13	504
3.68	Nerve_Tibial	14	857
3.58	Nerve_Tibial	15	940
4.95	Nerve_Tibial	16	1220
6.02	Nerve_Tibial	17	1594
1.81	Nerve_Tibial	18	422
7.85	Nerve_Tibial	19	1690
2.58	Nerve_Tibial	20	651
1.26	Nerve_Tibial	21	300
2.8	Nerve_Tibial	22	647
2.77	Ovary	1	2466
1.96	Ovary	2	1688
1.66	Ovary	3	1392
1.26	Ovary	4	949
1.39	Ovary	5	1169
2.1	Ovary	6	1262
1.53	Ovary	7	1237
1.16	Ovary	8	902
1.16	Ovary	9	960
1.23	Ovary	10	983
1.63	Ovary	11	1357
1.67	Ovary	12	1375
0.61	Ovary	13	476
1.1	Ovary	14	847
1.11	Ovary	15	943
1.48	Ovary	16	1208
1.77	Ovary	17	1544
0.51	Ovary	18	401
2.38	Ovary	19	1719
0.77	Ovary	20	644
0.39	Ovary	21	300
0.84	Ovary	22	650
4.45	Pancreas	1	2253
2.98	Pancreas	2	1468
2.52	Pancreas	3	1235
1.96	Pancreas	4	830
2.18	Pancreas	5	1030
3.34	Pancreas	6	1131
2.46	Pancreas	7	1141
1.8	Pancreas	8	802
1.87	Pancreas	9	876
1.93	Pancreas	10	878
2.62	Pancreas	11	1253
2.63	Pancreas	12	1221
0.9	Pancreas	13	400
1.76	Pancreas	14	770
1.66	Pancreas	15	815
2.31	Pancreas	16	1076
2.84	Pancreas	17	1397
0.77	Pancreas	18	338
3.83	Pancreas	19	1570
1.26	Pancreas	20	592
0.57	Pancreas	21	257
1.34	Pancreas	22	585
4.05	Pituitary	1	2615
2.82	Pituitary	2	1773
2.73	Pituitary	3	1490
1.85	Pituitary	4	1017
2.06	Pituitary	5	1247
3.36	Pituitary	6	1321
2.23	Pituitary	7	1303
1.75	Pituitary	8	987
1.78	Pituitary	9	1053
1.8	Pituitary	10	1042
2.5	Pituitary	11	1432
2.63	Pituitary	12	1437
0.95	Pituitary	13	529
1.59	Pituitary	14	889
1.76	Pituitary	15	983
2.37	Pituitary	16	1284
2.81	Pituitary	17	1621
0.78	Pituitary	18	437
3.77	Pituitary	19	1799
1.27	Pituitary	20	708
0.59	Pituitary	21	316
1.34	Pituitary	22	687
5.01	Prostate	1	2588
3.63	Prostate	2	1759
2.9	Prostate	3	1443
2.3	Prostate	4	980
2.58	Prostate	5	1226
3.88	Prostate	6	1323
2.68	Prostate	7	1291
2.08	Prostate	8	961
2.17	Prostate	9	1024
2.03	Prostate	10	1008
2.92	Prostate	11	1434
3.17	Prostate	12	1423
1.06	Prostate	13	499
2.07	Prostate	14	919
2.01	Prostate	15	961
2.44	Prostate	16	1283
3.4	Prostate	17	1624
0.89	Prostate	18	427
4.35	Prostate	19	1796
1.46	Prostate	20	694
0.72	Prostate	21	319
1.61	Prostate	22	698
10.76	Skin_Sun_Exposed_Lower_leg	1	2524
7.25	Skin_Sun_Exposed_Lower_leg	2	1646
6.21	Skin_Sun_Exposed_Lower_leg	3	1385
4.75	Skin_Sun_Exposed_Lower_leg	4	917
5.3	Skin_Sun_Exposed_Lower_leg	5	1158
8.38	Skin_Sun_Exposed_Lower_leg	6	1270
5.83	Skin_Sun_Exposed_Lower_leg	7	1224
4.5	Skin_Sun_Exposed_Lower_leg	8	902
4.53	Skin_Sun_Exposed_Lower_leg	9	970
4.83	Skin_Sun_Exposed_Lower_leg	10	991
6.29	Skin_Sun_Exposed_Lower_leg	11	1365
6.41	Skin_Sun_Exposed_Lower_leg	12	1364
2.35	Skin_Sun_Exposed_Lower_leg	13	469
3.98	Skin_Sun_Exposed_Lower_leg	14	790
4.04	Skin_Sun_Exposed_Lower_leg	15	889
5.69	Skin_Sun_Exposed_Lower_leg	16	1216
7.1	Skin_Sun_Exposed_Lower_leg	17	1617
2.12	Skin_Sun_Exposed_Lower_leg	18	418
9.09	Skin_Sun_Exposed_Lower_leg	19	1670
3.13	Skin_Sun_Exposed_Lower_leg	20	659
1.54	Skin_Sun_Exposed_Lower_leg	21	308
3.24	Skin_Sun_Exposed_Lower_leg	22	637
3.08	Small_Intestine_Terminal_Ileum	1	2584
2.12	Small_Intestine_Terminal_Ileum	2	1763
1.8	Small_Intestine_Terminal_Ileum	3	1411
1.4	Small_Intestine_Terminal_Ileum	4	969
1.53	Small_Intestine_Terminal_Ileum	5	1184
2.39	Small_Intestine_Terminal_Ileum	6	1320
1.72	Small_Intestine_Terminal_Ileum	7	1310
1.3	Small_Intestine_Terminal_Ileum	8	918
1.41	Small_Intestine_Terminal_Ileum	9	989
1.47	Small_Intestine_Terminal_Ileum	10	1007
1.85	Small_Intestine_Terminal_Ileum	11	1400
2.3	Small_Intestine_Terminal_Ileum	12	1408
0.65	Small_Intestine_Terminal_Ileum	13	488
1.33	Small_Intestine_Terminal_Ileum	14	974
1.12	Small_Intestine_Terminal_Ileum	15	928
1.62	Small_Intestine_Terminal_Ileum	16	1276
2.03	Small_Intestine_Terminal_Ileum	17	1620
0.61	Small_Intestine_Terminal_Ileum	18	411
2.63	Small_Intestine_Terminal_Ileum	19	1741
0.88	Small_Intestine_Terminal_Ileum	20	665
0.41	Small_Intestine_Terminal_Ileum	21	308
0.98	Small_Intestine_Terminal_Ileum	22	698
3.71	Spleen	1	2494
2.88	Spleen	2	1683
2.17	Spleen	3	1373
1.62	Spleen	4	917
1.81	Spleen	5	1132
2.9	Spleen	6	1272
2.09	Spleen	7	1264
1.69	Spleen	8	903
1.65	Spleen	9	961
1.63	Spleen	10	972
2.26	Spleen	11	1375
2.23	Spleen	12	1375
0.81	Spleen	13	470
1.85	Spleen	14	972
1.38	Spleen	15	896
2.05	Spleen	16	1234
2.41	Spleen	17	1566
0.72	Spleen	18	411
3.28	Spleen	19	1751
1.12	Spleen	20	645
0.51	Spleen	21	300
1.27	Spleen	22	705
4.96	Stomach	1	2412
3.4	Stomach	2	1630
3.02	Stomach	3	1341
2.25	Stomach	4	900
2.63	Stomach	5	1110
3.94	Stomach	6	1208
2.76	Stomach	7	1192
2.11	Stomach	8	861
2.6	Stomach	9	909
2.21	Stomach	10	934
2.93	Stomach	11	1313
3.01	Stomach	12	1298
1.05	Stomach	13	443
2.17	Stomach	14	865
2.04	Stomach	15	882
2.66	Stomach	16	1178
3.24	Stomach	17	1493
1	Stomach	18	381
4.22	Stomach	19	1627
1.47	Stomach	20	625
0.73	Stomach	21	287
1.75	Stomach	22	635
2.34	Uterus	1	2450
1.64	Uterus	2	1669
1.38	Uterus	3	1398
1.02	Uterus	4	925
1.13	Uterus	5	1133
1.79	Uterus	6	1249
1.29	Uterus	7	1251
0.94	Uterus	8	882
0.97	Uterus	9	961
1.01	Uterus	10	974
1.37	Uterus	11	1376
1.4	Uterus	12	1370
0.51	Uterus	13	475
0.91	Uterus	14	848
0.9	Uterus	15	925
1.21	Uterus	16	1200
1.52	Uterus	17	1564
0.41	Uterus	18	391
1.97	Uterus	19	1718
0.63	Uterus	20	649
0.33	Uterus	21	305
0.67	Uterus	22	636
2.5	Vagina	1	2547
1.73	Vagina	2	1710
1.47	Vagina	3	1415
1.1	Vagina	4	957
1.21	Vagina	5	1177
1.88	Vagina	6	1293
1.32	Vagina	7	1242
1.03	Vagina	8	926
1.05	Vagina	9	974
1.08	Vagina	10	1001
1.55	Vagina	11	1388
1.47	Vagina	12	1392
0.54	Vagina	13	485
0.98	Vagina	14	877
0.95	Vagina	15	941
1.3	Vagina	16	1231
1.62	Vagina	17	1618
0.47	Vagina	18	420
2.06	Vagina	19	1728
0.69	Vagina	20	659
0.34	Vagina	21	310
0.73	Vagina	22	650
9.06	Whole_Blood	1	2068
5.98	Whole_Blood	2	1342
5.06	Whole_Blood	3	1092
3.59	Whole_Blood	4	675
4.3	Whole_Blood	5	871
7.81	Whole_Blood	6	1035
5.19	Whole_Blood	7	1015
3.68	Whole_Blood	8	678
3.93	Whole_Blood	9	760
4.15	Whole_Blood	10	765
5.68	Whole_Blood	11	1124
5.52	Whole_Blood	12	1090
1.81	Whole_Blood	13	330
4.28	Whole_Blood	14	762
3.13	Whole_Blood	15	641
5.23	Whole_Blood	16	1032
6.38	Whole_Blood	17	1298
1.62	Whole_Blood	18	289
8.89	Whole_Blood	19	1516
2.75	Whole_Blood	20	525
1.19	Whole_Blood	21	214
3.24	Whole_Blood	22	574
